id,name,path,count,url
14,Thiếu nhi,https://www.fahasa.com/sach-trong-nuoc/thieu-nhi.html,14385,https://www.fahasa.com/sach-trong-nuoc/thieu-nhi.html
15,Giáo khoa - Tham khảo,https://www.fahasa.com/sach-trong-nuoc/giao-khoa-tham-khao.html,6508,https://www.fahasa.com/sach-trong-nuoc/giao-khoa-tham-khao.html
9,Văn học,https://www.fahasa.com/sach-trong-nuoc/van-hoc-trong-nuoc.html,5762,https://www.fahasa.com/sach-trong-nuoc/van-hoc-trong-nuoc.html
12,Tâm lý - Kỹ năng sống,https://www.fahasa.com/sach-trong-nuoc/tam-ly-ky-nang-song.html,4517,https://www.fahasa.com/sach-trong-nuoc/tam-ly-ky-nang-song.html
6718,Manga - Comic,https://www.fahasa.com/sach-trong-nuoc/manga-comic.html,4421,https://www.fahasa.com/sach-trong-nuoc/manga-comic.html
20,Sách học ngoại ngữ,https://www.fahasa.com/sach-trong-nuoc/sach-hoc-ngoai-ngu.html,2534,https://www.fahasa.com/sach-trong-nuoc/sach-hoc-ngoai-ngu.html
11,Kinh Tế,https://www.fahasa.com/sach-trong-nuoc/kinh-te-chinh-tri-phap-ly.html,1788,https://www.fahasa.com/sach-trong-nuoc/kinh-te-chinh-tri-phap-ly.html
6011,Lịch Sử - Địa Lý - Tôn Giáo,https://www.fahasa.com/sach-trong-nuoc/lich-su-dia-ly-ton-giao.html,1256,https://www.fahasa.com/sach-trong-nuoc/lich-su-dia-ly-ton-giao.html
17,Khoa học kỹ thuật,https://www.fahasa.com/sach-trong-nuoc/khoa-hoc-ky-thuat.html,1190,https://www.fahasa.com/sach-trong-nuoc/khoa-hoc-ky-thuat.html
6009,Nuôi Dạy Con,https://www.fahasa.com/sach-trong-nuoc/nuoi-day-con.html,866,https://www.fahasa.com/sach-trong-nuoc/nuoi-day-con.html
6038,Chính Trị - Pháp Lý - Triết Học,https://www.fahasa.com/sach-trong-nuoc/chinh-tri-phap-ly-triet-hoc.html,705,https://www.fahasa.com/sach-trong-nuoc/chinh-tri-phap-ly-triet-hoc.html
6174,Tiểu Sử Hồi Ký,https://www.fahasa.com/sach-trong-nuoc/tieu-su-hoi-ky.html,493,https://www.fahasa.com/sach-trong-nuoc/tieu-su-hoi-ky.html
6960,Đam mỹ,https://www.fahasa.com/sach-trong-nuoc/dam-my.html,472,https://www.fahasa.com/sach-trong-nuoc/dam-my.html
6005,Nữ Công Gia Chánh,https://www.fahasa.com/sach-trong-nuoc/nu-cong-gia-chanh.html,303,https://www.fahasa.com/sach-trong-nuoc/nu-cong-gia-chanh.html
6007,Văn Hóa - Nghệ Thuật - Du Lịch,https://www.fahasa.com/sach-trong-nuoc/van-hoa-nghe-thuat-du-lich.html,269,https://www.fahasa.com/sach-trong-nuoc/van-hoa-nghe-thuat-du-lich.html
6003,Phong Thủy - Kinh Dịch,https://www.fahasa.com/sach-trong-nuoc/phong-thuy-kinh-dich.html,245,https://www.fahasa.com/sach-trong-nuoc/phong-thuy-kinh-dich.html
19,Từ điển,https://www.fahasa.com/sach-trong-nuoc/tu-dien.html,190,https://www.fahasa.com/sach-trong-nuoc/tu-dien.html
6008,Âm Nhạc - Mỹ Thuật - Thời Trang,https://www.fahasa.com/sach-trong-nuoc/am-nhac-my-thuat-thoi-trang.html,121,https://www.fahasa.com/sach-trong-nuoc/am-nhac-my-thuat-thoi-trang.html
6006,Thể Dục Thể thao - Giải Trí,https://www.fahasa.com/sach-trong-nuoc/the-duc-the-thao-giai-tri.html,101,https://www.fahasa.com/sach-trong-nuoc/the-duc-the-thao-giai-tri.html
6169,Báo - Tạp Chí,https://www.fahasa.com/sach-trong-nuoc/bao-tap-chi.html,80,https://www.fahasa.com/sach-trong-nuoc/bao-tap-chi.html
214,Giáo trình,https://www.fahasa.com/sach-trong-nuoc/giao-trinh.html,30,https://www.fahasa.com/sach-trong-nuoc/giao-trinh.html
6010,Làm Vườn - Thú Nuôi,https://www.fahasa.com/sach-trong-nuoc/lam-vuon-thu-nuoi.html,2,https://www.fahasa.com/sach-trong-nuoc/lam-vuon-thu-nuoi.html
6994,Mystery Box,https://www.fahasa.com/sach-trong-nuoc/mystery-box.html,1,https://www.fahasa.com/sach-trong-nuoc/mystery-box.html
